misspell,update
anson,countyname
ansonville,townoutside
burnsville,townoutside
cedarhill,townoutside
fountainhill,townoutside
lilesville,townoutside
lowrys,townoutside
mcfarlan,townoutside
morven,townoutside
peachland,townoutside
peedee,townoutside
polkton,townoutside
wadesboro,townoutside
cabarrus,countyname
concord,townoutside
mosscreek,neighborhoodname
northconcord,neighborhoodname
westconcord,neighborhoodname
wilmarpark,neighborhoodname
harrisburg,townoutside
kannapolis,townoutside
centerview,neighborhoodname
glass,neighborhoodname
royaloaks,neighborhoodname
shadybrook,neighborhoodname
westbrook,neighborhoodname
midland,townoutside
mountpleasant,townoutside
gaston,countyname
alexis,townoutside
ashebrookpark,townoutside
belmont,townoutside
bessemercity,townoutside
cherryville,townoutside
cramerton,townoutside
westcramerton,townoutside
crowders,townoutside
dallas,townoutside
dellview,townoutside
gastonia,townoutside
applecreekvillage,neighborhoodname
barkersridge,neighborhoodname
bethesdaoaks,neighborhoodname
brentwoodchase,neighborhoodname
brookhaven,neighborhoodname
catawbahills,neighborhoodname
cramerwoods,neighborhoodname
crowdersview,neighborhoodname
eagleswalk,neighborhoodname
erskinewoods,neighborhoodname
fawnbrook,neighborhoodname
forestviewheights,neighborhoodname
groves,neighborhoodname
howediarytnd,neighborhoodname
hudsonholdings,neighborhoodname
kinmere,neighborhoodname
laurelcommons,neighborhoodname
longcreekmeadows,neighborhoodname
loraymill,neighborhoodname
loraymill,neighborhoodname
mapleleaf,neighborhoodname
mountainbrook,neighborhoodname
oaklandpark,neighborhoodname
pinnacle,neighborhoodname
presley,neighborhoodname
redbudcommons,neighborhoodname
robinsonoaks,neighborhoodname
robinwoodvillage,neighborhoodname
rosegate,neighborhoodname
smyre,neighborhoodname
spencermountainvillage,neighborhoodname
springhaven,neighborhoodname
stagecoachstation,neighborhoodname
sundancevillage,neighborhoodname
villageatfifth,neighborhoodname
villageatparkside,neighborhoodname
villageatmountain,neighborhoodname
vinales,neighborhoodname
wesleypark,neighborhoodname
westgastonia,neighborhoodname
windsorwoods,neighborhoodname
hardins,townoutside
highshoals,townoutside
lowell,townoutside
lucia,townoutside
mcadenville,townoutside
mountholly,townoutside
mountholly,townoutside
catawbaheights,neighborhoodname
ranlo,townoutside
southgastonia,townoutside
stanley,townoutside
tryon,townoutside
whitepines,townoutside
amityhill,townoutside
iredell,countyname
bellscrossroads,townoutside
coolsprings,townoutside
eaglemills,townoutside
eastmonbo,townoutside
eufola,townoutside
harmony,townoutside
hickoryhills,townoutside
houstonville,townoutside
lovevalley,townoutside
mayhew,townoutside
mazeppa,townoutside
mooresville,townoutside
mtmourne,townoutside
mtmourne,townoutside
newhope,townoutside
olin,townoutside
scotts,townoutside
sharon,townoutside
statesville,townoutside
ashbrookpark,neighborhoodname
oaklandheights,neighborhoodname
wendoverhills,neighborhoodname
weststatesville,neighborhoodname
westwood,neighborhoodname
wildwoodpark,neighborhoodname
troutman,townoutside
bariumsprings,neighborhoodname
turkeyfoot,townoutside
turnersburg,townoutside
uniongrove,townoutside
williamsburg,townoutside
lincoln,countyname
crouse,townoutside
denver,townoutside
flay,townoutside
ironstation,townoutside
laurelhill,townoutside
lincolnton,townoutside
bogercity,neighborhoodname
lithiasprings,neighborhoodname
lowesville,townoutside
vale,townoutside
westport,townoutside
charlotte,cityname
mecklenburg,countyname
arborglen,neighborhoodname
ashbrook,neighborhoodname
ashleypark,neighborhoodname
autumnwood,neighborhoodname
backcreekchurch,neighborhoodname
ballantyne,neighborhoodname
barclaydowns,neighborhoodname
beattiesford,neighborhoodname
beattiesford,neighborhoodname
bectonpark,neighborhoodname
belmont,neighborhoodname
beverlywoods,neighborhoodname
biddleville,neighborhoodname
blvdhomes,neighborhoodname
bradfieldfarms,neighborhoodname
briarcreek,neighborhoodname
brookhill,neighborhoodname
capitoldrive,neighborhoodname
carmel,neighborhoodname
chantilly,neighborhoodname
cherryarea,neighborhoodname
clantonpark,neighborhoodname
closeburn,neighborhoodname
coliseumdrive,neighborhoodname
collegedowns,neighborhoodname
collingwood,neighborhoodname
colonialvillage,neighborhoodname
commonwealth,neighborhoodname
cotswold,neighborhoodname
coulwoodeast,neighborhoodname
coulwoodwest,neighborhoodname
countryclubheights,neighborhoodname
coventrywoods,neighborhoodname
davislake,neighborhoodname
derita,neighborhoodname
dilworth,neighborhoodname
dixie,neighborhoodname
doubleoaks,neighborhoodname
druidhills,neighborhoodname
eaglelake,neighborhoodname
eastforest,neighborhoodname
eastover,neighborhoodname
eastway,neighborhoodname
echohills,neighborhoodname
elizabeth,neighborhoodname
enderlypark,neighborhoodname
farmpond,neighborhoodname
firestone,neighborhoodname
firstward,neighborhoodname
fourthward,neighborhoodname
foxcroft,neighborhoodname
genesispark,neighborhoodname
governorssquare,neighborhoodname
greenville,neighborhoodname
grierheights,neighborhoodname
griersfork,neighborhoodname
hampshirehills,neighborhoodname
harborhouse,neighborhoodname
harrishouston,neighborhoodname
harwood,neighborhoodname
hembstead,neighborhoodname
hendersoncircle,neighborhoodname
hickorygrove,neighborhoodname
hickoryridge,neighborhoodname
hiddenvalley,neighborhoodname
highlandcreek,neighborhoodname
idlewildfarms,neighborhoodname
idlewild,neighborhoodname
jacksonhomes,neighborhoodname
jtwilliams,neighborhoodname
lakewood,neighborhoodname
lansdowne,neighborhoodname
lincolnheights,neighborhoodname
lockwood,neighborhoodname
madisonpark,neighborhoodname
mallardcreek,neighborhoodname
marlwood,neighborhoodname
marshbrooke,neighborhoodname
mcalpine,neighborhoodname
mccroreyheights,neighborhoodname
mineralsprings,neighborhoodname
montclaire,neighborhoodname
montibello,neighborhoodname
mooreschapel,neighborhoodname
mountainbrook,neighborhoodname
mountainisland,neighborhoodname
myerspark,neighborhoodname
nevin,neighborhoodname
newell,neighborhoodname
noda,neighborhoodname
northcharlotte,neighborhoodname
oakdale,neighborhoodname
oakdale,neighborhoodname
oakdale,neighborhoodname
oakforest,neighborhoodname
oakhurst,neighborhoodname
oaklawn,neighborhoodname
oakviewterrance,neighborhoodname
providence,neighborhoodname
oldewhitehall,neighborhoodname
optimistpark,neighborhoodname
oxfordhunt,neighborhoodname
parkcrossing,neighborhoodname
parkroad,neighborhoodname
pawtuckett,neighborhoodname
pinecrest,neighborhoodname
piperglenestates,neighborhoodname
plazahills,neighborhoodname
plazamidwood,neighborhoodname
plazamidwood,neighborhoodname
plazashamrock,neighborhoodname
pleasanthill,neighborhoodname
ponderosa,neighborhoodname
prosperitychurch,neighborhoodname
providence,neighborhoodname
providence,neighborhoodname
providence,neighborhoodname
providence,neighborhoodname
provincetowne,neighborhoodname
quailhollow,neighborhoodname
raintree,neighborhoodname
reidpark,neighborhoodname
revolutionpark,neighborhoodname
rockwellpark,neighborhoodname
sardis,neighborhoodname
sardis,neighborhoodname
sedgefield,neighborhoodname
seveneagles,neighborhoodname
seversville,neighborhoodname
shannonpark,neighborhoodname
sharonwoods,neighborhoodname
sherwoodforest,neighborhoodname
silverwood,neighborhoodname
slater,neighborhoodname
smallwood,neighborhoodname
southsidepark,neighborhoodname
starmount,neighborhoodname
starmount,neighborhoodname
steelecreek,neighborhoodname
sterling,neighborhoodname
stonehaven,neighborhoodname
sugawcreek,neighborhoodname
sugawcreek,neighborhoodname
sugawcreek,neighborhoodname
sunset,neighborhoodname
southend,neighborhoodname
thecrossings,neighborhoodname
thirdward,neighborhoodname
thomasboro,neighborhoodname
toddpark,neighborhoodname
toddville,neighborhoodname
touchstonevillage,neighborhoodname
tryonhills,neighborhoodname
universitycity,neighborhoodname
universitycity,neighborhoodname
villaheights,neighborhoodname
villaheights,neighborhoodname
washingtonheights,neighborhoodname
wedgewood,neighborhoodname
wendover,neighborhoodname
wesleyheights,neighborhoodname
wessexsquare,neighborhoodname
westblvd,neighborhoodname
westchester,neighborhoodname
westerlyhills,neighborhoodname
westoverhills,neighborhoodname
whiteoak,neighborhoodname
wildwood,neighborhoodname
wilmore,neighborhoodname
wiloralake,neighborhoodname
wilsonheights,neighborhoodname
windsorpark,neighborhoodname
yorkmount,neighborhoodname
yorkrd,neighborhoodname
yorkshire,neighborhoodname
cornelius,towninside
hopewell,neighborhoodname
davidson,towninside
riverrun,neighborhoodname
huntersville,towninside
allisonferry,neighborhoodname
birkdalevillage,neighborhoodname
caldwell,neighborhoodname
hickscrossroads,neighborhoodname
hunterspointe,neighborhoodname
torance,neighborhoodname
matthews,towninside
oxfordhunt,neighborhoodname
sardis,neighborhoodname
woodhollow,neighborhoodname
minthill,towninside
applecreek,neighborhoodname
asheplantation,neighborhoodname
bainbridge,neighborhoodname
brightonpark,neighborhoodname
cheval,neighborhoodname
clearcreek,neighborhoodname
countryacres,neighborhoodname
danbrookepark,neighborhoodname
davistrace,neighborhoodname
ellingtonfarm,neighborhoodname
farmwood,neighborhoodname
foxridgeestates,neighborhoodname
glencroft,neighborhoodname
heathergate,neighborhoodname
hiddenforest,neighborhoodname
irongate,neighborhoodname
lawyers,neighborhoodname
lemmondacres,neighborhoodname
minthollow,neighborhoodname
mintwood,neighborhoodname
morganglenn,neighborhoodname
oakhillrd,neighborhoodname
oldesycamore,neighborhoodname
pinelakecountry,neighborhoodname
ravenscroft,neighborhoodname
redoakestates,neighborhoodname
stonebridge,neighborhoodname
summerwood,neighborhoodname
tarawoods,neighborhoodname
versage,neighborhoodname
wilgrove,neighborhoodname
wilsonwoods,neighborhoodname
windermere,neighborhoodname
wyndemerecrossing,neighborhoodname
pineville,towninside
rowan,countyname
barber,townoutside
bearpoplar,townoutside
chinagrove,townoutside
cleveland,townoutside
correllpark,townoutside
eastspencer,townoutside
enouchville,townoutside
faith,townoutside
fiveforks,townoutside
franklin,townoutside
goldhill,townoutside
granitequarry,townoutside
landis,townoutside
mtulla,townoutside
mtvernon,townoutside
pittsburg,townoutside
pooletown,townoutside
rockwell,townoutside
salisbury,townoutside
countryclubhills,neighborhoodname
meadowbrook,neighborhoodname
milfordknoll,neighborhoodname
yadkinjunction,neighborhoodname
spencer,townoutside
westcliff,townoutside
woodbine,townoutside
woodbridgerun,townoutside
woodleaf,townoutside
yadkin,townoutside
union,countyname
allenscrosscroads,townoutside
alton,townoutside
fairview,townoutside
hembybridge,townoutside
indiantrail,townoutside
brandonoaks,neighborhoodname
jackson,townoutside
lakepark,townoutside
marshville,townoutside
marvin,townoutside
mineralsprings,townoutside
monroe,townoutside
briarwoodacres,neighborhoodname
glendalough,neighborhoodname
lakepark,neighborhoodname
southwoodestates,neighborhoodname
welshheights,neighborhoodname
williamssubdiv,neighborhoodname
newsalem,townoutside
olivebranch,townoutside
roughedge,townoutside
stallings,townoutside
unionville,townoutside
waxhaw,townoutside
weddington,townoutside
whiteoak,neighborhoodname
whiteoaks,neighborhoodname
wingate,townoutside
airlee,townoutside
armenia,townoutside
beckhamville,townoutside
chester,countyname
cornwell,townoutside
edgemoor,townoutside
eurekamill,townoutside
fortlawn,townoutside
greatfalls,townoutside
lando,townoutside
landsford,townoutside
leeds,townoutside
lowrys,townoutside
richburg,townoutside
wilksburg,townoutside
lancaster,countyname
antioch,townoutside
anvilrock,townoutside
buford,townoutside
caskey,townoutside
cauthens,townoutside
elgin,townoutside
evergreenacres,townoutside
heathsprings,townoutside
indianland,townoutside
irwin,townoutside
kershaw,townoutside
lancaster,townoutside
arrowoodestates,neighborhoodname
pleasanthill,townoutside
springdale,townoutside
stoneboro,townoutside
taxahaw,townoutside
tradesville,townoutside
vanwyck,townoutside
westwood,townoutside
whitebluff,townoutside
york,countyname
bowlinggreen,townoutside
catawba,townoutside
clover,townoutside
filbert,townoutside
fortmill,townoutside
kanawhahills,neighborhoodname
guthries,townoutside
hickorygrove,townoutside
hopewell,townoutside
indiahook,townoutside
riverhills,neighborhoodname
lesslie,townoutside
mcconnells,townoutside
newport,townoutside
willowacres,neighborhoodname
woodbridge,neighborhoodname
woodforest,neighborhoodname
woodwind,neighborhoodname
redriver,townoutside
riverview,townoutside
rockhill,townoutside
avondaleterrace,neighborhoodname
cedargrovepark,neighborhoodname
pecangrove,neighborhoodname
pineridge,neighborhoodname
sunsetacres,neighborhoodname
westerwoodacres,neighborhoodname
whisperinghills,neighborhoodname
winthropheights,neighborhoodname
sharon,townoutside
smith,townoutside
smyrna,townoutside
springvalley,townoutside
tegacay,townoutside
tirzah,townoutside
wintercrest,townoutside
woodvale,townoutside
woodedvalley,townoutside
southpark,neighborhoodname
lattapark,neighborhoodname
